PaymentMethodID,CardNumber,ExpiryDate,CVV,NameOnCard,IsDefault
PM5626,4.28232E+15,226,934,Aaron Wyatt,Yes
PM7763,4.86378E+15,128,842,Allen Garcia,Yes
PM8207,4.43523E+15,1027,244,Angela Meyer,No
PM5902,4.13519E+15,329,623,Christopher Jackson,No
PM5013,4.25721E+15,526,149,Christopher Smith,No
PM7409,4.34863E+15,1026,146,Christy Holmes,No
PM8387,4.41822E+15,124,665,Elizabeth Saunders,No
PM2007,4.97156E+15,428,185,Jean Wood,No
PM2372,4.3307E+15,127,114,John Montoya,No
PM5159,4.68202E+15,227,312,Jordan Bentley,Yes
PM3062,4.26544E+15,129,626,Julia Barr,No
PM5028,4.47906E+15,128,957,Kristin Moore,Yes
PM5378,4.40083E+15,826,553,Lance Williams,Yes
PM9958,4.52356E+15,1027,667,Lance Williams,No
PM7400,4.6523E+15,1126,250,Madison Li,Yes
PM2844,4.91936E+15,826,982,Madison Li,No
PM2146,4.68553E+15,828,676,Mark Blair,No
PM5308,4.04083E+15,927,472,Matthew Davis,Yes
PM4078,4.15236E+15,824,396,Melissa Patton,No
PM5404,4.55749E+15,1227,195,Michael Singh,No
PM1787,4.32379E+15,827,652,Monique Lopez,Yes
PM2600,4.55573E+15,1226,164,Rachel Scott,Yes
PM2216,4.87092E+15,726,843,Raymond Lyons,Yes
PM1548,4.9992E+15,728,241,Renee Rodriguez,No
PM3493,4.42766E+15,928,211,Richard Jackson,Yes
PM1596,4.57251E+15,127,729,Sandra Cunningham,Yes
PM7803,4.29727E+15,226,797,Sharon Miranda,No
PM9518,4.19955E+15,326,901,Shawn Flores,No
PM1245,4.50287E+15,325,567,Tyler Brown,No
PM8150,4.44126E+15,426,764,Tyler Dorsey,No
PM2657,4.36529E+15,127,783,Wendy Simon,No
PM8559,4.73035E+15,328,879,William Flores,Yes
