MethodType,PaymentMethodID,CustomerEmail
Credit Card,PM5028,jacqueline23@galvan.com
Voucher,PM1102,sandovalnathan@gmail.com
Gift Card,PM1273,jacqueline23@galvan.com
Voucher,PM1353,bensonmichael@hotmail.com
Voucher,PM1697,sarahrodriguez@morgan.com
Credit Card,PM3062,fergusonbryan@yahoo.com
Gift Card,PM2444,matthewfitzgerald@gmail.com
Debit Card,PM5308,vcoffey@gmail.com
Debit Card,PM5902,navarrorichard@gmail.com
Gift Card,PM2451,hramirez@gmail.com
Voucher,PM2590,adamjennings@davis-pruitt.com
Voucher,PM2716,bradley16@gmail.com
Voucher,PM2839,alyssa71@hotmail.com
Voucher,PM3174,wayne62@yahoo.com
Credit Card,PM5159,kara57@gmail.com
Gift Card,PM3289,nwoodard@yahoo.com
Credit Card,PM4078,michelle49@hotmail.com
Voucher,PM3456,mathisleah@gmail.com
Voucher,PM3497,navarrorichard@gmail.com
Gift Card,PM3718,johnmoore@gmail.com
Debit Card,PM1548,kgraves@yahoo.com
Debit Card,PM7409,gutierrezsteven@chandler.info
Gift Card,PM4761,hgibson@hotmail.com
Debit Card,PM2007,smithjoanna@collins.net
Voucher,PM4872,dominiquemontoya@jones-morgan.net
Voucher,PM4885,yarnold@mccullough.com
Credit Card,PM7763,henrybrooke@hotmail.com
Credit Card,PM5626,gharris@gonzalez.org
Credit Card,PM1245,johnmoore@gmail.com
Gift Card,PM5078,charles24@hotmail.com
Voucher,PM5122,nwoodard@yahoo.com
Gift Card,PM5135,mathisleah@gmail.com
Voucher,PM5168,hensonyolanda@morris-saunders.com
Voucher,PM5328,suzanne29@hotmail.com
Gift Card,PM5338,kara57@gmail.com
Debit Card,PM9518,wayne62@yahoo.com
Voucher,PM5488,fergusonbryan@yahoo.com
Voucher,PM5511,charles24@hotmail.com
Gift Card,PM5745,stevensaustin@yahoo.com
Debit Card,PM7803,andersonchristopher@gmail.com
Debit Card,PM8150,rebeccastevens@figueroa.org
Gift Card,PM5782,henrybrooke@hotmail.com
Voucher,PM5987,youngdaniel@contreras.com
Credit Card,PM5013,bfernandez@chung.com
Credit Card,PM8559,tonyarogers@hotmail.com
Voucher,PM6062,whiteadriana@yahoo.com
Credit Card,PM2372,charper@roberts-farley.com
Debit Card,PM2657,adamjennings@davis-pruitt.com
Gift Card,PM6253,dominiquemontoya@jones-morgan.net
Voucher,PM6254,mullensarah@yahoo.com
Credit Card,PM1787,mullensarah@yahoo.com
Credit Card,PM8387,normaoconnor@banks-holt.com
Gift Card,PM6364,castillozachary@smith-matthews.com
Gift Card,PM6396,lisa12@hotmail.com
Voucher,PM6670,gutierrezsteven@chandler.info
Gift Card,PM6675,sarahrodriguez@morgan.com
Debit Card,PM2146,christinedavis@yahoo.com
Gift Card,PM6679,michelle49@hotmail.com
Gift Card,PM6692,vangeric@gmail.com
Gift Card,PM7314,sarah74@santos-fisher.info
Credit Card,PM8207,olsonanna@chavez.org
Gift Card,PM7396,olsonanna@chavez.org
Debit Card,PM5378,amandaramos@gmail.com
Credit Card,PM9958,amandaramos@gmail.com
Credit Card,PM5404,sandovalnathan@gmail.com
Voucher,PM7707,bfernandez@chung.com
Gift Card,PM8017,bensonmichael@hotmail.com
Debit Card,PM1596,uthompson@sanford-chambers.com
Voucher,PM8803,sarah74@santos-fisher.info
Debit Card,PM2600,hramirez@gmail.com
Voucher,PM8812,hgibson@hotmail.com
Credit Card,PM7400,stevensuarez@carter.com
Debit Card,PM2844,stevensuarez@carter.com
Gift Card,PM8816,bradley16@gmail.com
Gift Card,PM9036,tonyarogers@hotmail.com
Debit Card,PM2216,veronicasmith@roberts.com
Voucher,PM9053,smithjoanna@collins.net
Credit Card,PM3493,vangeric@gmail.com
Gift Card,PM9215,christinedavis@yahoo.com
Voucher,PM9828,wyattpayne@manning-lane.com
